Assigned name,Compound_Name_GNPS
"""(1S,2S,6R,7R,9R)-6-methyl-10,12-dioxatricyclo[7.2.1.0<2,7>]dodec-4-en-8-one CollisionEnergy:102040""","""(1S,2S,6R,7R,9R)-6-methyl-10,12-dioxatricyclo[7.2.1.0<2,7>]dodec-4-en-8-one CollisionEnergy:102040"""
"""methyl 3-oxo-2-[(3,4,5-trimethoxyphenyl)methylene]benzo[b]furan-5-carboxylate CollisionEnergy:205060""","""methyl 3-oxo-2-[(3,4,5-trimethoxyphenyl)methylene]benzo[b]furan-5-carboxylate CollisionEnergy:205060"""
(.+/-.)-11-Hydroxy-.DELTA.9-tetrahydrocannabinol,(.+/-.)-11-Hydroxy-.DELTA.9-tetrahydrocannabinol
(.+/-.)7-epi-Jasmonic acid,(.+/-.)7-epi-Jasmonic acid
"(12Z,15Z)-9,10,11-Trihydroxyoctadeca-12,15-dienoic acid","(12Z,15Z)-9,10,11-Trihydroxyoctadeca-12,15-dienoic acid"
"(1S,2S,8aR)-1-[(Z)-5-Hydroxy-3-methylpent-3-enyl]-2,5,5,8a-tetramethyl-3,4,4a,6,7,8-hexahydro-1H-naphthalen-2-ol","(1S,2S,8aR)-1-[(Z)-5-Hydroxy-3-methylpent-3-enyl]-2,5,5,8a-tetramethyl-3,4,4a,6,7,8-hexahydro-1H-naphthalen-2-ol"
(2-chlorophenyl)(diphenyl)methanol,(2-Chlorophenyl)(diphenyl)methanol
"(2E)-3-(2,4-dimethylphenyl)-1-phenylprop-2-en-1-one","""(2E)-3-(2,4-dimethylphenyl)-1-phenylprop-2-en-1-one CollisionEnergy:102040"""
"(5E,7E)-3-Acetamidoundeca-5,7-dienoic acid","(5E,7E)-3-Acetamidoundeca-5,7-dienoic acid"
"(E)-1-(3,4-Dihydroxy-2,6-dimethoxyphenyl)-3-phenylprop-2-en-1-one","(E)-1-(3,4-Dihydroxy-2,6-dimethoxyphenyl)-3-phenylprop-2-en-1-one"
"(E)-3,10-Dihydroxy-4,9-dimethyldodec-6-enedioic acid","(E)-3,10-Dihydroxy-4,9-dimethyldodec-6-enedioic acid"
"[6,10a-Dihydroxy-4-(hydroxymethyl)-4,7,11b-trimethyl-9-oxo-1,2,3,4a,5,6,6a,7,11,11a-decahydronaphtho[2,1-f][1]benzofuran-5-yl] acetate","[6,10a-Dihydroxy-4-(hydroxymethyl)-4,7,11b-trimethyl-9-oxo-1,2,3,4a,5,6,6a,7,11,11a-decahydronaphtho[2,1-f][1]benzofuran-5-yl] acetate"
"1-(2-Hydroxy-4,5-dimethylphenyl)ethanone","1-(2-Hydroxy-4,5-dimethylphenyl)ethanone"
"1-(2-Hydroxypropan-2-yl)-3a-methyl-6,10-dimethylidenetetradecahydrocyclopenta[11]annulene-5,9-diol","1-(2-Hydroxypropan-2-yl)-3a-methyl-6,10-dimethylidenetetradecahydrocyclopenta[11]annulene-5,9-diol"
"1,3-dicyclohexylurea","1,3-Dicyclohexylurea"
"1,3-di-o-tolylguanidine","""1,3-Di-o-tolylguanidine"""
"1,3-di-o-tolylguanidine","1,3-Di-o-tolylguanidine"
"1,3-diphenylguanidine","Massbank:LU084503 1,3-Diphenylguanidine|1,2-diphenylguanidine"
"1,9-Dimethylguanine","2-amino-1,9-dimethyl-6,9-dihydro-1H-purin-6-one"
"1-[(2-hydroxyethyl)amino]anthra-9,10-quinone","1-[(2-Hydroxyethyl)amino]anthra-9,10-quinone"
1-[(Benzyloxy)carbonyl]-2-piperidinecarboxylic acid,1-[(Benzyloxy)carbonyl]-2-piperidinecarboxylic acid
"10,11-dihydroxycarbamazepine","""0465_10,11-Dihydro-10,11-dihydroxycarbamazepine"""
15(s)-fluprostenol isopropyl ester,15(S)-Fluprostenol isopropyl ester
1-hexadecylpyridinium,Spectral Match to 1-Hexadecylpyridinium from NIST14
1-Myristoyl-2-hydroxy-sn-glycero-3-phosphoethanolamine,1-Myristoyl-2-hydroxy-sn-glycero-3-phosphoethanolamine
1-octylpyrrolidin-2-one,Massbank:LU086504 N-Octyl-2-pyrrolidone|1-octylpyrrolidin-2-one
2-(2-(2-ethoxyethoxy)ethoxy)ethanol,Massbank:KW109404 2-(2-(2-ethoxyethoxy)ethoxy)ethanol
2-(2-butoxyethoxy)acetic acid,2-(2-Butoxyethoxy)acetic acid
2-(4-morpholinyl)benzothiazole,"MassbankEU:SM884101 2-(4-Morpholinyl)benzothiazole|4-(1,3-benzothiazol-2-yl)morpholine"
"2-(methylsulfanyl)-1,3-benzothiazole","Massbank:EQ364604 2-(Methylsulfanyl)-1,3-benzothiazole|2-(Methylthio)benzothiazole (2-Me-S-Benzothiazole)|2-Methylmercaptobenzothiazole"
"2,2,4-trimethyl-1,3-pentanediol diisobutyrate","2,2,4-Trimethyl-1,3-pentanediol diisobutyrate"
"2,2'-dihydroxy-4,4'-dimethoxybenzophenone","2,2'-Dihydroxy-4,4'-dimethoxybenzophenone"
"2,4,6-Trimethyl-DL-phenylalanine","2-Amino-3-(2,4,6-trimethylphenyl)propanoic acid"
"2,4,7,9-tetramethyl-5-decyne-4,7-diol","2,4,7,9-Tetramethyl-5-decyne-4,7-diol"
"2,4,7,9-tetramethyl-5-decyne-4,7-diol","Spectral Match to 2,4,7,9-Tetramethyl-5-decyne-4,7-diol from NIST14"
"2,4-dihydroxybenzophenone","2,4-Dihydroxybenzophenone"
"2,4-di-tert-butyl-6-[(dimethylamino)methyl]phenol","2,4-Di-tert-butyl-6-[(dimethylamino)methyl]phenol"
"2,6-dichlorobenzamide","Massbank:EA008514 2,6-Dichlorobenzamide|2,6-bis(chloranyl)benzamide"
"2,6-diisopropylaniline","Massbank:KW102602 2,6-diisopropylaniline"
"2,6-di-tert-butyl-4-(4-morpholinylmethyl)phenol","2,6-Di-tert-butyl-4-(4-morpholinylmethyl)phenol"
"2,6-di-tert-butyl-4-hydroxymethylphenol","Spectral Match to 2,6-Di-tert-butyl-4-hydroxymethylphenol from NIST14"
2-benzothiazolesulfonic acid,"MassbankEU:SM882601 2-Benzothiazolesulfonic acid|Benzothiazole-2-sulfonic acid|1,3-benzothiazole-2-sulfonic acid"
"2-cyclohexyl-1h-isoindole-1,3(2h)-dione","2-Cyclohexyl-1H-isoindole-1,3(2H)-dione"
"2-ethyl-1,3-hexanediol","""2-ETHYL-1,3-HEXANEDIOL"""
"2-Hydroxy-4,6-dimethoxyacetophenone","""2-Hydroxy-4,6-dimethoxyacetophenone"""
2-hydroxybenzothiazole,2589_2-hydroxybenzothiazole
2-hydroxybenzothiazole,"MassbankEU:SM871201 2-Hydroxybenzothiazole|Benzothiazolone|3H-1,3-benzothiazol-2-one"
2-mercaptobenzothiazole,0072_2-Mercaptobenzothiazole
2-mercaptobenzothiazole,"MassbankEU:SM878502 2-Mercaptobenzothiazole|3H-1,3-benzothiazole-2-thione"
"2-methoxy-1,4-naphthoquinone","2-methoxy-1,4-naphthoquinone"
2-methoxybenzoic acid,2-Methoxybenzoic acid
2-methyl-4'-(methylthio)-2-morpholinopropiophenone,Massbank:LU138603 2-Methyl-4'-(methylthio)-2-morpholinopropiophenone|2-methyl-1-(4-methylsulfanylphenyl)-2-morpholin-4-ylpropan-1-one
2-methylmercaptobenzothiazole,MoNA:924541 2-Methylmercaptobenzothiazole
"3,4-dichloroaniline","3,4-Dichloroaniline"
"3,4-Dimethylbenzoic acid","3,4-Dimethylbenzoic acid"
"3,5-di-tert-butyl-4-hydroxybenzoic acid","3,5-Di-tert-butyl-4-hydroxybenzoic acid"
"3-cyclohexyl-1,1-dimethylurea","3-Cyclohexyl-1,1-dimethylurea"
3-Hydroxy-2-phenyl-1-isoindolinone,3-Hydroxy-2-phenyl-1-isoindolinone
3-hydroxymorphinan,3-Hydroxymorphinan
3-iodo-2-propynyl butylcarbamate,3-Iodo-2-propynyl butylcarbamate
4-(Allylamino)benzoic acid,4-(Allylamino)benzoic acid
"4-(tert-butylamino)-6-ethylamino-5h-1,3,5-triazin-2-one","Spectral Match to 4-(tert-Butylamino)-6-ethylamino-5H-1,3,5-triazin-2-one from NIST14"
"4,4,6-Trimethyl-1-phenyl-3,4-dihydro-2(1H)-pyrimidinethione","4,4,6-Trimethyl-1-phenyl-3,4-dihydro-2(1H)-pyrimidinethione"
"4,5-Epoxy-7Z,10Z,13Z,16Z,19Z-docosapentaenoic acid, methyl ester","4,5-Epoxy-7Z,10Z,13Z,16Z,19Z-docosapentaenoic acid, methyl ester"
"4,6-dichloroindoline","4,6-Dichloroindoline"
"4,6-Dihydroxy-5a-methyl-3-methylidene-2-oxo-4,5,6,7,8,9,9a,9b-octahydro-3aH-benzo[g][1]benzofuran-9-carbaldehyde","4,6-Dihydroxy-5a-methyl-3-methylidene-2-oxo-4,5,6,7,8,9,9a,9b-octahydro-3aH-benzo[g][1]benzofuran-9-carbaldehyde"
"4-[(E)-5-Hydroxy-3-methylpent-3-enyl]-3,5,5-trimethylcyclohex-2-en-1-one","4-[(E)-5-Hydroxy-3-methylpent-3-enyl]-3,5,5-trimethylcyclohex-2-en-1-one"
4-acetamidoantipyrine,"Massbank:EA023609 4-Acetamidoantipyrine|N-(1,5-dimethyl-3-oxidanylidene-2-phenyl-pyrazol-4-yl)ethanamide"
4'-Deoxyprovincialin,4'-Deoxyprovincialin
4-ethoxybenzoic acid,4-Ethoxybenzoic acid
4-formylaminoantipyrine,"Massbank:EA103809 4-Formylaminoantipyrine|N-(1,5-dimethyl-3-oxidanylidene-2-phenyl-pyrazol-4-yl)methanamide"
"4-Isopropyl-3,4,5,6,7,8-hexahydro-2(1H)-quinazolinethione","4-Isopropyl-3,4,5,6,7,8-hexahydro-2(1H)-quinazolinethione"
4-methylphthalic anhydride,"Massbank:LU019402 4-Methylphthalic anhydride|5-methyl-2-benzofuran-1,3-dione"
4-tert-butyl-2-(hydroxymethyl)phenol,4-tert-Butyl-2-(hydroxymethyl)phenol
4-tert-butylcatechol,"Massbank:LU129002 4-tert-Butylcatechol|4-tert-butylbenzene-1,2-diol"
5-APDB,"5-(2-Aminopropyl)-2,3-dihydrobenzofuran"
5-hydroxythiabendazole,5-Hydroxythiabendazole
6-Gingerol,6-Gingerol
6-Gingerol,Massbank:NA002994 [6]-Gingerol|5-hydroxy-1-(4-hydroxy-3-methoxyphenyl)decan-3-one
6-Methylchromanone,6-Methylchromanone
6-pentylpyran-2-one,Massbank:LU079501 6-Pentyl-2H-pyran-2-one|6-pentylpyran-2-one
7-diethylamino-4-methylcoumarin,Massbank:LU043202 7-Diethylamino-4-methylcoumarin|7-(diethylamino)-4-methylchromen-2-one
"8-bromo-7-[(2-chlorophenyl)methyl]-1,3-dimethyl-1,3,7-trihydropurine-2,6-dione","""8-bromo-7-[(2-chlorophenyl)methyl]-1,3-dimethyl-1,3,7-trihydropurine-2,6-dione CollisionEnergy:102040"""
actarit,[4-(Acetylamino)phenyl]acetic acid
adipate,ADIPATE
agomelatine,Agomelatine
albendazole,Albendazole
albendazole oxide,Albendazole oxide
altretamine,Altretamine
ametryne,Ametryne
amitriptyline,0534_Amitriptyline
amitriptyline,"Massbank:EA282110 Amitriptyline|3-(10,11-Dihydro-5H-dibenzo[a,d][7]annulen-5-ylidene)-N,N-dimethyl-1-propanamine"
amitriptyline,"MassbankEU:SM859203 Amitriptyline|3-(5,6-dihydrodibenzo[2,1-b:2`,1`-f][7]annulen-11-ylidene)-N,N-dimethylpropan-1-amine"
anthralin,Anthralin
Asn-Phe,Spectral Match to Asn-Phe from NIST14
Asperglaucide,Asperglaucide
Asperphenamate,Asperphenamate_120258
atazanavir,"Massbank:EQ301202 Atazanavir|N-[(1S)-1-[[(1S,2S)-1-benzyl-3-[[[(2S)-2-(carbomethoxyamino)-3,3-dimethyl-butanoyl]amino]-[4-(2-pyridyl)benzyl]amino]-2-hydroxy-propyl]carbamoyl]-2,2-dimethyl-propyl]carbamic acid methyl es"
atazanavir,MoNA:606013 Atazanavir
atenolol,DL-Atenolol - 30.0 eV
atenolol acid,Massbank:EA069714 Atenolol acid|Metoprolol acid|4-(2-Hydroxy-3-((1-methylethyl)amino)propoxy)benzeneacetic acid
atrazine,Atrazine
aurantiamide,Massbank:AC000716 Aurantiamide|N-((1s)-1-(((2s)-1-hydroxy-3-phenyl-propan-2-yl)carbamoyl)-2-phenyl-ethyl)benzamide
avobenzone,Avobenzone
azadirachtin,Azadirachtin
azelaic acid,azelaic acid CollisionEnergy:102040
azithromycin,Spectral Match to Azithromycin from NIST14
benzanilide,MassbankEU:SM808102 Benzanilide|N-phenylbenzamide
benzoguanamine,"Massbank:LU106303 6-Phenyl-1,3,5-triazine-2,4-diamine"
benzophenone,Benzophenone
benzoylecgonine,Spectral Match to Benzoylecgonine from NIST14
benzyldimethylstearyl ammonium,Benzyldimethylstearylammonium cation
benzyldiphenylphosphine oxide,Massbank: Benzyldiphenylphosphine oxide
benzyldodecyldimethyl ammonium,Benzalkonium chloride (C12)
benzyltetradecyldimethyl ammonium,Spectral Match to Benzyltetradecyldimethylammonium from NIST14
bezafibrate,Bezafibrate
bezafibrate methyl ester,MassbankEU:ET290202 BEZ-M
bis(2-ethylhexyl) phthalate,Spectral Match to Bis(2-ethylhexyl) phthalate from NIST14
bis(2-ethylhexyl)phosphate,0827_Bis(2-ethylhexyl)phosphate
bis(2-ethylhexyl)phosphate,MassbankEU:SM883301 Bis(2-ethylhexyl)phosphate|Bis(2-ethylhexyl) hydrogen phosphate
bis[2-(2-butoxyethoxy)ethyl] hexandioate,Massbank:LU125402 Bis[2-(2-butoxyethoxy)ethyl] hexandioate|Bis[2-(2-butoxyethoxy)ethyl] adipate|bis[2-(2-butoxyethoxy)ethyl] hexanedioate
"bisphenol a (2,3-dihydroxypropyl) glycidyl ether","Massbank:AU581252 Bisphenol A (2,3-dihydroxypropyl) glycidyl ether|3-(4-(1-(4-(2,3-Epoxypropoxy)phenyl)-1-methylethyl)phenoxy)propane-1,2-diol|3-[4-[2-[4-(oxiran-2-ylmethoxy)phenyl]propan-2-yl]phenoxy]propane-1,2-diol"
butylbenzyl phthalate,"MassbankEU:SM836901 Benzyl butyl phthalate|2-O-benzyl 1-O-butyl benzene-1,2-dicarboxylate|2-O-benzyl 1-O-butyl benzene-1,2-dicarboxylate"
butylbenzyl phthalate,Phthals?_urebenzbutylester
caffeine,"Massbank:UF408901 Caffeine|1,3,7-trimethyl-3,7-dihydro-1H-purine-2,6-dione|1,3,7-trimethylpurine-2,6-dione"
calyxol,Ethyl 2-methyl-4-oxo-6-pentylcyclohex-2-enecarboxylate
carbamazepine,Carbamazepine
"carbamazepine-10,11-epoxide","Massbank:EA091604 Carbamazepine-10,11-epoxide|1a,10b-Dihydro-6H-dibenz(b,f)oxiren(d)azepine-6-carboxamide"
carbanilide,Carbanilide
carbendazim,Carbendazim
carbofuran phenol-3-ketone,Carbofuran phenol-3-ketone
Caryophyllene oxide,(-)-Caryophyllene oxide
cetalkonium,Cetalkonium
chloroquine,chloroquine
cintazone,CINTAZONE
citronellol,"(2E)-3,4,7-Trimethylocta-2,6-dien-1-ol"
clarithromycin,"Massbank:EA019109 Clarithromycin|6-O-Methylerythromycin|(3R,4S,5S,6R,7R,9R,11R,12R,13S,14R)-6-[4-(dimethylamino)-3-hydroxy-6-methyl-tetrahydropyran-2-yl]oxy-14-ethyl-12,13-dihydroxy-4-(5-hydroxy-4-methoxy-4,6-dimethyl-"
climbazol,"Massbank:EA273901 Climbazol|Climbazole|1-(4-chloranylphenoxy)-1-imidazol-1-yl-3,3-dimethyl-butan-2-one"
CMPF,Spectral Match to CMPF from METLIN
cocaine,"Massbank:EA281704 Cocaine| (1S,3S,4R,5R)-3-benzoyloxy-8-methyl-8-azabicyclo[3.2.1]octane-4-carboxylic acid methyl ester"
cocaine,"Massbank:EA281710 Cocaine| (1S,3S,4R,5R)-3-benzoyloxy-8-methyl-8-azabicyclo[3.2.1]octane-4-carboxylic acid methyl ester"
cocamidopropyl betaine,CocamidoprpylBetaine
codeine,Codeine
"cyclotetrasiloxane, octamethyl-","Spectral Match to Cyclotetrasiloxane, octamethyl- from NIST14"
daidzein,daidzein CollisionEnergy:102040
DBU,"1,8-Diazabicyclo[5.4.0]undec-7-ene"
decaethylene glycol,Spectral Match to Decaethylene glycol from NIST14
decapropylene glycol,Decapropylene glycol
decapropylene glycol monobutyl ether,Decapropylene glycol monobutyl ether
"decynediol, tetramethyl, di(2-hydroxyethyl) ether","Spectral Match to Decynediol, tetramethyl, di(2-hydroxyethyl) ether from NIST14"
DEET,DEET
DEET,"MassbankEU:SM822301 DEET|N,N-diethyl-3-methylbenzamide"
delorazepam,Delorazepam
denatonium,"Massbank:TUE00282 Denatonium|N-Benzyl-2-[(2,6-dimethylphenyl)amino]-N,N-diethyl-2-oxoethanaminium"
deoxybenzoin,"Massbank:LU100902 1,2-Diphenylethanone|Deoxybenzoin"
di(propylene glycol) butyl ether,Di(propylene glycol) butyl ether
dibutyl 3-hydroxybutyl phosphate,(S)-Dibutyl 3-hydroxybutyl phosphate
dibutyl adipate,Spectral Match to Dibutyl adipate from NIST14
dibutyl phthalate,Spectral Match to Dibutyl phthalate from NIST14
dicyclohexylcarbodiimide,Dicyclohexylcarbodiimide
"didodecyl 3,3'-thiodipropionate oxide","Spectral Match to Didodecyl 3,3'-thiodipropionate oxide from NIST14"
diethyl phthalate,Diethyl phthalate
diethyl phthalate,Spectral Match to Diethyl phthalate from NIST14
diethylene glycol monobutyl ether,Massbank: Diethylene glycol monobutyl ether|2-(2-butoxyethoxy)ethanol
diethylmaleic acid,diethylmaleic acid
dihydro-?-ionone,"Spectral Match to 2-Butanone, 4-(2,6,6-trimethyl-2-cyclohexen-1-yl)- from NIST14"
dihydrobupropion,threo-Dihydrobupropion
dihydroxycarbazepine,"MassbankEU:SM858102 10,11-Dihydro-10,11-dihydroxycarbamazepine|Dihydroxycarbazepine|5,6-dihydroxy-5,6-dihydrobenzo[b][1]benzazepine-11-carboxamide"
dimethyl adipate,Dimethyl adipate
Dimethyl azelate,Dimethyl azelate
dimethyl phthalate,"Massbank:EQ367303 Dimethyl-phthalate|Dimethyl phthalate|Dimethyl benzene-1,2-dicarboxylate"
dimethyl phthalate,MoNA:959007 Dimethyl Phthalate
dimethyldioctadecylammonium,Spectral Match to Dimethyldioctadecylammonium cation from NIST14
di-N-octyl phthalate,Di-n-octyl phthalate
diphenhydramine,diphenhydramine
diphenhydramine,"Massbank:EQ335203 Diphenhydramine|2-benzhydryloxy-N,N-dimethylethanamine"
diphenyl phosphate,Diphenylphosphate
diphenyl phosphate,MassbankEU:SM881501 Diphenylphosphate|Diphenyl hydrogen phosphate
diphenylamine,Massbank:LU030003 Diphenylamine|N-phenylaniline
diphenylmethylphosphine oxide,Diphenylmethylphosphine oxide
diphenylsulfone,Diphenylsulfone
diphenylsulfone,MassbankEU:SM808701 Diphenylsulfone|Diphenyl sulfone|Benzenesulfonylbenzene
Dipicolinic acid,Dipicolinic acid
dipropyl phthalate,"Massbank:RP019702 Dipropylphthalate|Dipropyl phthalate|dipropyl benzene-1,2-dicarboxylate"
Diprotin B,Diprotin B
docusate,DOCUSATE
docusate,Spectral Match to Dioctyl sulfosuccinate from NIST14
dodecamethylcyclohexasiloxane,Dodecamethylcyclohexasiloxane
edetol,102-60-3
efavirenz,Efavirenz
efavirenz,"Massbank:AU235702 Efavirenz|6-Chloro-4-(cyclopropylethynyl)-4-(trifluoromethyl)-1,4-dihydro-2H-3,1-benzoxazin-2-one|6-chloro-4-(2-cyclopropylethynyl)-4-(trifluoromethyl)-1H-3,1-benzoxazin-2-one"
Elemadienonic acid,Elemadienonic acid
empenthrin,Empenthrin
emtricitabine,Emtricitabine
ensulizole,MassbankEU:SM823802 Phenylbenzimidazole sulfonic acid|27503-81-7|2-phenyl-3H-benzimidazol-1-ium-5-sulfonate
Esculentic acid,Esculentic acid
eslicarbazepine,Eslicarbazepine
eslicarbazepine acetate,302776-68-7
"ethanol, 2-(2-butoxyethoxy)-","Spectral Match to Ethanol, 2-(2-butoxyethoxy)- from NIST14"
ethylphenidate,Ethylphenidate
etilefrine,Etilefrine
fexofenadine,fexofenadine
fluazacort,FLUAZACORT
fluconazole,"Massbank:ET230001 Fluconazole (FLU)|fluconazole|2-(2,4-difluorophenyl)-1,3-bis(1,2,4-triazol-1-yl)propan-2-ol"
flumequine,2351_Flumequine
flumequine,MassbankEU:SM853301 Flumequine
flunixin,Flunixin
fluoxymesterone,Fluoxymesterone
framidice 3,Massbank:LU130202 N-Ethyl-4-menthane-3-carboxamide|N-Ethyl-p-menthane-3-carboxamide|N-ethyl-5-methyl-2-propan-2-ylcyclohexane-1-carboxamide
gabapentin related compound a,Gabapentin related compound A
gabapentin related compound E,Massbank:EQ331201 Gabapentin Related Compound E|1-(carboxymethyl)cyclohexanecarboxylic acid|1-(carboxymethyl)cyclohexane-1-carboxylic acid
gabapentin-lactam,"Massbank:KW100303 3,3-pentamethylene-4-butyrolactam"
galaxolidone,"Massbank:EA066004 Galaxolidone|1,3,4,6,7,8-Hexahydro-4,6,6,7,8,8-hexamethylcyclopenta[g]-2-benzopyran-1-on"
Galbanic acid,Galbanic acid
Germine,Germine
Glu-Phe,Spectral Match to Glu Phe from METLIN
glutethimide,Glutethimide
glycocholic acid,GLYCOCHOLIC ACID
glycocholic acid,glycocholic acid
glycocholic acid,Glycocholic Acid
gosogliptin,GOSOGLIPTIN
hannokinol,"1,7-Bis(4-hydroxyphenyl)heptane-3,5-diol"
heptaethylene glycol p-tert-octylphenyl ether,Heptaethylene glycol p-tert-octylphenyl ether
heptapropylene glycol,Heptapropylene glycol
hexaethylene glycol,Hexaethylene glycol
"hexahydro-2-benzofuran-1,3-dione","(3aR,7aS)-Hexahydro-2-benzofuran-1,3-dione"
hexamethylolmelamine pentamethyl ether,hexamethylolmelamine pentamethyl ether (putative)
"hexanedioic acid, bis(2-ethylhexyl) ester","Spectral Match to Hexanedioic acid, bis(2-ethylhexyl) ester from NIST14"
hexapropylene glycol,Hexapropylene glycol
HMMM,Hexa-methoxymethyl-melamine
hydroxymetoprolol,.alpha.-Hydroxymetoprolol
icaridin,Icaridin
icaridin,icaridin
Ile-Arg,Spectral Match to Ile-Arg from NIST14
Ile-Met,Spectral Match to Ile-Met from NIST14
Ile-Pro,Spectral Match to Ile-Pro from NIST14
Ile-Tyr,Spectral Match to Ile-Tyr from NIST14
Ile-Val-Lys,Spectral Match to Ile-Val-Lys from NIST14
imazalil,Pesticide4_Imazalil_C14H14Cl2N2O_Freshgard
imazamox,Imazamox
imazapyr,Imazapyr
indigotin,Indigotin
irbesartan,IRBESARTAN
irgacure 369,2-Benzyl-2-dimethylamino-1-(4-morpholinophenyl)-1-butanone
irgarol,Irgarol
irgarol-descyclopropyl,"Massbank:EA028310 Irgarol-descyclopropyl|2-N-tert-butyl-6-methylsulfanyl-1,3,5-triazine-2,4-diamine"
Iso E Super,"1-(2,3,8,8-Tetramethyl-1,2,3,4,5,6,7,8-octahydro-2-naphthalenyl)ethanone"
Isobutyl acetate,acetic_acid_isobutyl_ester
Kalecide,"2,4-Dodecadienoic acid isobutylamide"
ketorolac,Massbank: Ketorolac
Labdanolic acid,Labdanolic acid
lamotrigine,"Massbank:EA267604 Lamotrigine|6-(2,3-dichlorophenyl)-1,2,4-triazine-3,5-diamine"
lamotriginine,"Massbank:EA267601 Lamotrigine|6-(2,3-dichlorophenyl)-1,2,4-triazine-3,5-diamine"
lauramine oxide,"N,N-Dimethyldodecylamine N-oxide"
laurolactam,Massbank:LU080702 Azacyclotridecan-2-one
lauryldiethanolamine,Massbank:LU030803 Lauryldiethanolamine|2-[dodecyl(2-hydroxyethyl)amino]ethanol
Leu-Ile,Spectral Match to Leu-Ile from NIST14
Leu-Trp,Spectral Match to Leu-Trp from NIST14
Leu-Va,Spectral Match to Leu-Val from NIST14
levorphanol,Levorphanol
lincomycin,Lincomycin
lopinavir,Lopinavir
lorlatinib,Lorlatinib
losartan,Losartan
losartan carboxylic acid,Losartan carboxylic acid
Lys-Ile,Spectral Match to Lys-Ile from NIST14
mafenide,mafenide
Menthone,Menthone
metalaxyl,metalaxyl
metalaxyl acid,"Massbank:EQ323302 CGA62826 (2-[2,6-dimethylphenyl)-methoxyacetylamino]propionic acid|N-(2,6-Dimethylphenyl)-N-(methoxyacetyl)-L-alanine|(2S)-2-(N-(2-methoxyacetyl)-2,6-dimethylanilino)propanoic acid"
metalaxyl acid,"MoNA:737183 CGA62826 (2-[2,6-dimethylphenyl)-methoxyacetylamino]propionic acid"
methamphetamine,Massbank:EQ282901 Methamphetamine|(2S)-N-methyl-1-phenylpropan-2-amine
Methyl 3-[4-[3-(trifluoromethylsulfanyl)phenyl]piperazin-1-yl]propanoate,PD160134
metoprolol,Massbank:UF407204 Metoprolol|1-(isopropylamino)-3-[4-(2-methoxyethyl)phenoxy]propan-2-ol
minoxidil,minoxidil
minoxidil,Spectral Match to Minoxidil from NIST14
misoprostol,misoprostol
monensin,Monensin [M+NH4]+
monensin,Spectral Match to Monensin from NIST14
mono-2-ethylhexyl phthalate,Mono-2-ethylhexyl phthalate
monoethyl phthalate,Monoethyl phthalate
Monolauryl phosphate,Spectral Match to Monolauryl phosphate from NIST14
myristamidpropyl betaine,Massbank: Myristamidopropyl betaine|carboxymethyl-dimethyl-[3-(tetradecanoylamino)propyl]azanium
myristamine oxide,"Massbank:AU285203 N,N-Dimethyltetradecylamine-N-oxide|Myristamine oxide|N,N-dimethyltetradecan-1-amine oxide"
myristamine oxide,Myristamine oxide
N-(1-hydroxy-3-phenylpropan-2-yl)benzamide,NCGC00170025-02!N-(1-hydroxy-3-phenylpropan-2-yl)benzamide [IIN-based: Match]
"n-(3-ethoxypropyl)-2,4-dihydroxy-3,3-dimethylbutanamide","(2R)-N-(3-Ethoxypropyl)-2,4-dihydroxy-3,3-dimethylbutanamide"
"n,n-bis(2-hydroxyethyl)dodecanamide","N,N-Bis(2-hydroxyethyl)dodecanamide"
"n,n-dibenzylacetamide","N,N-Dibenzylacetamide"
"N,N'-dicyclohexyl-N-methylurea","N,N'-Dicyclohexyl-N-methylurea"
"N,N-dicyclohexyl-N'-phenylurea","N,N-Dicyclohexyl-N'-phenylurea"
"n,n'-dicyclohexylthiourea","Massbank:LU118802 N,N'-Dicyclohexylthiourea|N,N'-dicyclohexylcarbamimidothioic acid"
"N,N-dimethyl-1-decanamine oxid","Massbank:EA278401 DDAO| N,N-dimethyl-1-decanamine oxide|NN-Dimethyldicylamine N-oxide"
"N-[(2s)-5-(6-Fluoro-3-Pyridinyl)-2,3-Dihydro-1h-Inden-2-Yl]-2-Propanesulfonamide","""N-[(2s)-5-(6-Fluoro-3-Pyridinyl)-2,3-Dihydro-1h-Inden-2-Yl]-2-Propanesulfonamide"""
N-[3-(dimethylamino)propyl]dodecanamide,Massbank:LU071402 N-[3-(Dimethylamino)propyl]dodecanamide
N-[3-(dimethylamino)propyl]tetradecanamide,N-[3-(Dimethylamino)propyl]tetradecanamide
n-acetylsulfamethoxazole,N-Acetylsulfamethoxazole
nalidixic acid,"Massbank:LU084003 Nalidixic acid|1-ethyl-7-methyl-4-oxo-1,8-naphthyridine-3-carboxylic acid"
nalidixic acid,Spectral Match to Nalidixic acid from NIST14
n-butylbenzenesulfonamide,MassbankEU:SM823401 N-Butylbenzenesulfonamide
N-butylbenzenesulfonamide,N-Butylbenzenesulfonamide
N-cyclohexyl-2-benzothiazol-amine,"MassbankEU:SM884701 N-Cyclohexyl-2-benzothiazol-amine|N-cyclohexyl-1,3-benzothiazol-2-amine"
N-cyclohexyl-2-benzothiazol-amine,N-Cyclohexyl-2-benzothiazol-amine
"n-decyl-n,n-dimethyl-1-decanaminium","N-Decyl-N,N-dimethyl-1-decanaminium cation"
N-ethyl-o-toluenesulfonamide,MassbankEU:SM823601 N-Ethyl-o-toluenesulfonamide|N-ethyl-2-methylbenzenesulfonamide
N-ethyl-o-toluenesulfonamide,N-ethyl-o-toluenesulfonamide
N-ethyl-o-toluenesulfonamide,N-Ethyl-o-toluenesulfonamide
nevirapine,nevirapine - 30.0 eV
nicotine N-beta-D-glucuronide,Nicotine N-.beta.-D-glucuronide
n-isopropylbenzenesulfonamide,N-Isopropylbenzenesulfonamide
Nodularin R,Nodularin R
nonaethylene glycol,Spectral Match to Nonaethylene glycol from NIST14
nonapropylene glycol,Nonapropylene glycol
nonapropylene glycol monobutyl ether,Nonapropylene glycol monobutyl ether
nonoxynol-9,Nonoxynol-9
nortriptyline,Nortriptyline
n-phenyl-1-naphthylamine,N-Phenyl-1-naphthylamine
n-phenyl-1-naphthylamine,N-phenyl-1-naphthylamine
Oc1cc2c(CCN(CC2)C)cc1S(=O)(c3ccc(OCc4ccc(Cl)cc4)cc3)=O,630407-66-8
octabenzone,2-Hydroxy-4-(octyloxyl)benzophenone
octamethylcyclotetrasiloxane,Octamethylcyclotetrasiloxane
octapropylene glycol,Octapropylene glycol
octapropylene glycol monobutyl ether,Octapropylene glycol monobutyl ether
octinoxate,Octinoxate
Oleic acid methyl ester,Oleic acid methyl ester
omeprazole sulfide 5-carboxylic acid,[putative] omeprazole sulfide 5-carboxylic acid
oxaceprol,Oxaceprol
oxazepam,"Massbank:LU079902 Oxazepam|7-chloro-3-hydroxy-5-phenyl-1,3-dihydro-1,4-benzodiazepin-2-one"
oxybenzone,Oxybenzone
oxyphenonium,oxyphenonium
"p,p'-ditolylamine","p,p'-Ditolylamine"
Pachypodol,Pachypodol
padimate O,Massbank:LU101703 2-Ethylhexyl 4-(dimethylamino)benzoate
Palythine,Palythene
Palythine,Palythine
p-coumaric acid,p-coumaric acid CollisionEnergy:205060
pentaethylene glycol,Pentaethylene glycol
pentoxyfylline metabolite M5,"""1-(3-carboxypropyl)-3,7-dimethylxanthine"""
pentoxyfylline metabolite M5,"MassbankEU:SM871101 1-(3-carboxypropyl)-3,7-dimethylxanthine|4-(3,7-dimethyl-2,6-dioxopurin-1-yl)butanoic acid"
pergolide sulfone,Pergolide sulfone
Petasol,Petasol
phenolphthalein,Spectral Match to Phenolphthalein from NIST14
phenyl salicylate,Phenyl salicylate
Phenylalanine,Phenylalanine
Phenylalanine,Spectral Match to DL-Phenylalanine from NIST14
phenylbenzimidazole sulfonic acid,Phenylbenzimidazole sulfonic acid
phenyl-p-tolyl-amine,Spectral Match to Phenyl-p-tolyl-amine from NIST14
pholedrine,Pholedrine
pirogliride,Pirogliride
polidocanol,Polidocanol
Polyporic acid,Polyporic acid
pranolium,pranolium
prilocaine,prilocaine
propiconazole,"Massbank:LU134602 Propiconazole|1-[[2-(2,4-dichlorophenyl)-4-propyl-1,3-dioxolan-2-yl]methyl]-1,2,4-triazole"
propylene glycol dibenzoate,1-(Benzoyloxy)propan-2-yl benzoate
p-tert-octylphenol heptaglycol ether,Spectral Match to p-tert-Octylphenol heptaglycol ether from NIST14
p-tert-octylphenol heptaglycol ether,Spectral Match to p-tert-Octylphenol pentaglycol ether from NIST14
p-tert-octylphenol heptaglycol ether,Spectral Match to p-tert-Octylphenol tetraglycol ether from NIST14
p-tert-octylphenol hexaglycol ether,Spectral Match to p-tert-Octylphenol hexaglycol ether from NIST14
pyrimethanil,Pyrimethanil
rhodamine B,Rhodamine B cation
ridogrel,RIDOGREL
rimantadine,Rimantadine
Rivenprost,Rivenprost
Senkyunolide H,"(3Z)-3-Butylidene-6,7-dihydroxy-4,5,6,7-tetrahydro-2-benzofuran-1-one"
simazine,"Massbank:EA026209 Simazine|6-chloranyl-N2,N4-diethyl-1,3,5-triazine-2,4-diamine"
simeton,Simeton
Sofigatran,Sofigatran
Sorbicillin,Sorbicillin
sorbitane monooleate,Sorbitane Monooleate - Polysorbate 20 in-source fragment
sorbitane monopalmitate,Sorbitane Monopalmitate - Polysorbate 40 in-source fragment
sorbitane monostearate,Sorbitane Monostearate - Polysorbate 60 in-source fragment
spiroxamine ketone,Spiroxamine ketone
spiroxamine ketone,spiroxamine ketone
sulfachloropyridazine,Sulfachloropyridazine
sulfadimethoxine,Spectral Match to Sulfadimethoxine from NIST14
sulfamethazine,0358_Sulfamethazine
sulfamethazine,sulfamethazine
sulfamethizole,Sulfamethizole
sulfamethizole,sulfamethizole
sulfamethoxazole,"Massbank: Sulfamethoxazole|4-Amino-N-(5-methyl-1,2-oxazol-3-yl)benzene-1-sulfonamide"
sulpiride,SULPIRIDE
Sydonol,Sydonol
Tagitinin C,Tagitinin C
taurocholic acid,TAUROCHOLIC ACID
taurocholic acid,taurocholic acid
tauroursodeoxycholic acid,TAUROURSODEOXYCHOLIC ACID
tauroursodeoxycholic acid,tauroursodeoxycholic acid
tauroursodeoxycholic acid,Tauroursodeoxycholic acid - 40.0 eV
telmisartan,"Massbank:EA280510 Telmisartan|4'-[(1,7'-dimethyl-2'-propyl-1H,3'H-2,5'-bibenzimidazol-3'-yl)methyl]biphenyl-2-carboxylic acid| 2-[4-[[4-methyl-6-(1-methyl-2-benzimidazolyl)-2-propyl-1-benzimidazolyl]methyl]phenyl]benzo"
terbumeton,Terbumeton
terbutylazine,"Massbank:EA028404 Terbutylazine|2-N-tert-butyl-6-chloro-4-N-ethyl-1,3,5-triazine-2,4-diamine"
tetra(methoxymethyl)melamine,tetra(methoxymethyl)melamine (putative)
tetrabutylammonium,Spectral Match to Tetrabutylammonium from NIST14
tetrabutylammonium,Tetrabutylammonium cation
tetradecyl sulfate,Sodium Tetradecyl Sulfate
tetradecyldiethanolamine,"Massbank:LU100202 2,2'-(Tetradecylimino)diethanol|Tetradecyldiethanolamine"
tetradecyldiethanolamine,"Massbank:LU100203 2,2'-(Tetradecylimino)diethanol|Tetradecyldiethanolamine"
tetraethylene glycol,Tetraethylene glycol
tetraethylene glycol monomethyl ether,Tetraethylene glycol monomethyl ether
thiabendazole,Pesticide5_Thiabendazole_C10H7N3S_2-(4-Thiazoly)benzimidazole
Thr-Gly,Thr-Gly
Thr-Phe,Thr-Phe
Thr-Val-Leu,Spectral Match to Thr-Val-Leu from NIST14
tinuvin 770,"Bis(2,2,6,6-tetramethyl-4-piperidyl) sebacate"
TOFA,TOFA
tonalid,"Massbank:LU067903 6-Acetyl-1,1,2,4,4,7-hexamethyltetralin|Tonalid|1-(3,5,5,6,8,8-hexamethyl-6,7-dihydronaphthalen-2-yl)ethanone"
Tourneforin,Tourneforin
tri(3-chloropropyl) phosphate,Tri(3-chloropropyl) phosphate
tributyl phosphate,Tributyl phosphate
tributylamine,"Massbank:AU244206 Tributylamine|N,N-dibutylbutan-1-amine"
tributylamine,Tributylamine
tributylphosphine oxide,Massbank:EQ358903 Tributylphosphine oxide|Tri-n-butylphosphine oxide
tribuzone,Tribuzone
triethyl citrate,0055_Triethylcitrate
triethyl citrate,"Massbank:AU285706 Triethylcitrate|Triethyl citrate|triethyl 2-hydroxypropane-1,2,3-tricarboxylate"
triethyl citrate,"MassbankEU:SM878101 Triethylcitrate|triethyl 2-hydroxypropane-1,2,3-tricarboxylate"
triethyl citrate,Spectral Match to Triethyl citrate from NIST14
triethyl citrate,Triethyl citrate
triethylene glycol bis(2-ethylhexanoate),Massbank:LU084702 Triethylene glycol bis(2-ethylhexanoate)|2-[2-[2-(2-ethylhexanoyloxy)ethoxy]ethoxy]ethyl 2-ethylhexanoate
triethylene glycol monobutyl ether,Triethylene glycol monobutyl ether
triethylene glycol monomethyl ether,Triethylene glycol monomethyl ether
triethylphosphate,0821_triethylphosphate
triethylphosphate,MassbankEU:SM883101 Triethylphosphate|Triethyl phosphate
triethylphosphate,Triethyl phosphate
trifloxystrobin,Trifloxystrobin
trifloxystrobin cga 321113,Massbank:AU259602 Trifloxystrobin CGA 321113|ISZQNKFXNXQTTF-NACSPRHISA-N|(2E)-2-methoxyimino-2-[2-[[(E)-1-[3-(trifluoromethyl)phenyl]ethylideneamino]oxymethyl]phenyl]acetic acid
trimethoprim,"Massbank:EA019910 Trimethoprim|2,4-Diamino-5-(3,4,5-trimethoxybenzyl)pyrimidine|5-[(3,4,5-trimethoxyphenyl)methyl]pyrimidine-2,4-diamine"
tripelennamine,Massbank: Tripelennamine
triphenyl phosphate,Massbank:LU049103 Triphenyl phosphate
triphenyl phosphate,MassbankEU:SM879502 Triphenylphosphate|Triphenyl phosphate
triphenylphosphine oxide,Spectral Match to Triphenylphosphine oxide from NIST14
tripropylene glycol diacrylate,2-{2-[2-(Acryloyloxy)-1-methylethoxy]-1-methylethoxy}-1-methylethyl acrylate
tris(1-chloro-2-propyl) phosphate,Tris(1-chloro-2-propyl) phosphate
tris(2-butoxyethyl) phosphate,Spectral Match to Tris(2-butoxyethyl) phosphate from NIST14
tris(2-chloroethyl) phosphate,Tris(2-chloroethyl) phosphate
tris(2-chloropropyl) phosphate,Tris(2-chloropropyl) phosphate
Tryptophan,Massbank:BML01185 L-Tryptophan
Tryptophan,Spectral Match to L-Tryptophan from NIST14
Tyrosine,Spectral Match to L-Tyrosine from NIST14
undecaethylene glycol,Spectral Match to Undecaethylene glycol from NIST14
v anillin,vanillin CollisionEnergy:102040
v anillin,vanillin CollisionEnergy:205060
valsartan,VALSARTAN
valsartan acid,MoNA:1041730 Valsartan acid
vimirogant,VTP-43742
zolpidem phenyl-4-carboxylic acid,Zolpidem phenyl-4-carboxylic acid
(2E)-4-Hydroxynon-2-enoic acid,(2E)-4-Hydroxynon-2-enoic acid
"(3E)-4-(2,4,6-Trimethyl-3-cyclohexen-1-yl)-3-buten-2-one","(3E)-4-(2,4,6-Trimethyl-3-cyclohexen-1-yl)-3-buten-2-one"
(3-hydroxyhexadecanoyl)lysine,(3-hydroxyhexadecanoyl)lysine
(3-hydroxytetradecanoyl)lysine,(3-hydroxytetradecanoyl)lysine
"(5E,9E)-Farnesylacetone","(5E,9E)-Farnesylacetone"
"(5S)-1,2,3,4,5,6,7,8,9,10-Decahydro-5,9-methanobenzo[8]annulen-11-one","(5S)-1,2,3,4,5,6,7,8,9,10-Decahydro-5,9-methanobenzo[8]annulen-11-one"
"(9Z,12Z)-15-Hydroxyoctadeca-9,12-dienoic acid","(9Z,12Z)-15-Hydroxyoctadeca-9,12-dienoic acid"
"(E)-5-((1S,4R)-3,3-Dimethylbicyclo[2.2.1]heptan-2-yl)pent-3-en-2-one","(E)-5-((1S,4R)-3,3-Dimethylbicyclo[2.2.1]heptan-2-yl)pent-3-en-2-one"
(R)-3-Hydroxybutanoic acid,(R)-3-Hydroxybutanoic acid
.alpha.-Hyodeoxycholic acid methyl ester,.alpha.-Hyodeoxycholic acid methyl ester
.alpha.-Pinene oxide,.alpha.-Pinene oxide
.delta.-Dodecalactone,.delta.-Dodecalactone
.gamma.-Dodecalactone,.gamma.-Dodecalactone
.omega.-3 Arachidonic acid,.omega.-3 Arachidonic acid
"1-(4-Bromo-3,5-dimethyl-1H-pyrazol-1-yl)propan-2-one","1-(4-Bromo-3,5-dimethyl-1H-pyrazol-1-yl)propan-2-one"
"1,3-Bis(4-methylphenyl)urea","1,3-Bis(4-methylphenyl)urea"
113777-33-6,113777-33-6
12(S)-Hydroxy-16-heptadecynoic acid,12(S)-Hydroxy-16-heptadecynoic acid
127913-03-5,127913-03-5
13-Hydroxy-7-oxoabiet-8(14)-en-18-oic acid,13-Hydroxy-7-oxoabiet-8(14)-en-18-oic acid
"13-Keto-9Z,11E-octadecadienoic acid","13-Keto-9Z,11E-octadecadienoic acid"
146422-58-4,146422-58-4
15.alpha.-Hydroxyculmorin,15.alpha.-Hydroxyculmorin
15356-74-8,15356-74-8
"15-Hydroxy-7-oxoabieta-8,11,13-trien-18-oic acid","15-Hydroxy-7-oxoabieta-8,11,13-trien-18-oic acid"
16-Hydroxyhexadecanoic acid,16-Hydroxyhexadecanoic acid
"17,20,21-Trihydroxypregn-1-ene-3,11-dione","17,20,21-Trihydroxypregn-1-ene-3,11-dione"
17.beta.-Carboxy-17.alpha.-formyloxydexamethasone,17.beta.-Carboxy-17.alpha.-formyloxydexamethasone
17-Octadecynoic acid,17-Octadecynoic acid
1977-33-9,1977-33-9
1-amino-5-methyl-2-(propan-2-yl)cyclohexane-1-carboxylic acid,1-amino-5-methyl-2-(propan-2-yl)cyclohexane-1-carboxylic acid
1-Chloro-3-(triphenylphosphoranylidene)acetone,1-Chloro-3-(triphenylphosphoranylidene)acetone
1-Decanoyl-2-hydroxy-sn-glycero-3-phosphocholine,1-Decanoyl-2-hydroxy-sn-glycero-3-phosphocholine
"1H-Inden-2-amine, 2,3-dihydro-5-methoxy-6-methyl-","1H-Inden-2-amine, 2,3-dihydro-5-methoxy-6-methyl-"
"1-methyl-2-oxo-1,2-dihydropyridine-4-carboxylic acid","1-methyl-2-oxo-1,2-dihydropyridine-4-carboxylic acid"
"1-O-((2E,4E)-9-Carboxy-8-hydroxy-2,7-dimethylnona-2,4-dienoyl)-.beta.-D-glucopyranose","1-O-((2E,4E)-9-Carboxy-8-hydroxy-2,7-dimethylnona-2,4-dienoyl)-.beta.-D-glucopyranose"
1-Palmitoyl-2-hydroxy-sn-glycero-3-phospho-(1'-rac-glycerol),1-Palmitoyl-2-hydroxy-sn-glycero-3-phospho-(1'-rac-glycerol)
2-(2-oxoazepan-3-yl)acetic acid (Chimeric precursor selection),2-(2-oxoazepan-3-yl)acetic acid (Chimeric precursor selection)
"2-(3',3'-Dimethyl-6-nitrospiro[chromene-2,2'-indoline]-1'-yl)ethanol","2-(3',3'-Dimethyl-6-nitrospiro[chromene-2,2'-indoline]-1'-yl)ethanol"
"2-(3-chloropyridin-2-yl)-1,3-thiazole-4-carboxylic acid","2-(3-chloropyridin-2-yl)-1,3-thiazole-4-carboxylic acid"
2-(4-Morpholinyl)benzothiazole,2-(4-Morpholinyl)benzothiazole
2-(4-Quinazolinylamino)ethanol,2-(4-Quinazolinylamino)ethanol
2-(Benzothiazol-2-ylsulfanyl)cyclohexanone,2-(Benzothiazol-2-ylsulfanyl)cyclohexanone
"2,3-Di(2-furyl)quinoxaline","2,3-Di(2-furyl)quinoxaline"
2-[(Dibenzylamino)carbonyl]benzoic acid,2-[(Dibenzylamino)carbonyl]benzoic acid
21345_1,21345_1
2349_Tetrahydro_Beta_carboline_carboxylic_acid,2349_Tetrahydro_Beta_carboline_carboxylic_acid
25818-88-6,25818-88-6
2-Acetamido-2-Deoxy-D-Mannopyranose,2-Acetamido-2-Deoxy-D-Mannopyranose
2-amino-2-(3-methylcyclohexyl)acetic Acid,2-amino-2-(3-methylcyclohexyl)acetic Acid
2-Benzoylbenzoic acid,2-Benzoylbenzoic acid
"2-Butene-1,4-diol, 2-[2-[(1R,2R,8aR)-decahydro-1-hydroxy-2,5,5,8a-tetramethyl-1-naphthalenyl]ethyl]-","2-Butene-1,4-diol, 2-[2-[(1R,2R,8aR)-decahydro-1-hydroxy-2,5,5,8a-tetramethyl-1-naphthalenyl]ethyl]-"
2-Methyl-4'-(methylthio)-2-morpholinopropiophenone,2-Methyl-4'-(methylthio)-2-morpholinopropiophenone
"2-Methylnaphtho[2,1-d][1,3]oxazole","2-Methylnaphtho[2,1-d][1,3]oxazole"
"2-Naphthaleneacetic acid, decahydro-1-hydroxy-4a-methyl-.alpha.,8-bis(methylene)-, [1S-(1.alpha.,2.beta.,4a.beta.,8a.alpha.)]-","2-Naphthaleneacetic acid, decahydro-1-hydroxy-4a-methyl-.alpha.,8-bis(methylene)-, [1S-(1.alpha.,2.beta.,4a.beta.,8a.alpha.)]-"
2-Octenoylcarnitine,2-Octenoylcarnitine
2-oxindole-3-acetic acid CollisionEnergy:102040,2-oxindole-3-acetic acid CollisionEnergy:102040
"2-Oxiraneoctanoic acid, .eta.-hydroxy-3-octyl-","2-Oxiraneoctanoic acid, .eta.-hydroxy-3-octyl-"
2-phenylpyrrolidine-3-carboxylic acid,2-phenylpyrrolidine-3-carboxylic acid
3-(2-aminocyclohexyl)propanoic acid,3-(2-aminocyclohexyl)propanoic acid
3-(2-aminoethyl)-1H-indol-5-ol_(E)-but-2-enoic acid,3-(2-aminoethyl)-1H-indol-5-ol_(E)-but-2-enoic acid
"3-(Acetyloxy)lanosta-8,24-dien-21-oic acid","3-(Acetyloxy)lanosta-8,24-dien-21-oic acid"
3-(Diphenylphosphoryl)propanoic acid,3-(Diphenylphosphoryl)propanoic acid
"3-(Hepta-1,3-dienyl)hexanedioic acid","3-(Hepta-1,3-dienyl)hexanedioic acid"
"3,4'-Dimethoxy-5,7,3'-trihydroxyflavone","3,4'-Dimethoxy-5,7,3'-trihydroxyflavone"
"3,5,6,7,8,3',4'-Heptamethoxyflavone","3,5,6,7,8,3',4'-Heptamethoxyflavone"
3.10S-Hydroxypheophorbide a ,3.10S-Hydroxypheophorbide a 
3.alpha.-Galactobiose,3.alpha.-Galactobiose
"3-[5-(2-Methylpropyl)-3,6-dioxopiperazin-2-yl]propanoic acid","3-[5-(2-Methylpropyl)-3,6-dioxopiperazin-2-yl]propanoic acid"
3-{4-[(Phenylcarbonyl)amino]phenyl}propanoic acid,3-{4-[(Phenylcarbonyl)amino]phenyl}propanoic acid
313489-71-3,313489-71-3
348622-88-8,348622-88-8
"3-Buten-2-one, 4-[4-(.beta.-D-glucopyranosyloxy)-2-hydroxy-2,6,6-trimethylcyclohexylidene]-","3-Buten-2-one, 4-[4-(.beta.-D-glucopyranosyloxy)-2-hydroxy-2,6,6-trimethylcyclohexylidene]-"
3-Hydroxykynurenine,3-Hydroxykynurenine
3-O-Methylquercetin,3-O-Methylquercetin
"4-((8a-(Hydroxymethyl)-5-(5-hydroxy-3-((((2Z)-2-methylbut-2-enoyl)oxy)methyl)pentyl)-5,6-dimethyl-3,4,4a,5,6,7,8,8a-octahydronaphthalen-1-yl)methoxy)-4-oxobutanoic acid","4-((8a-(Hydroxymethyl)-5-(5-hydroxy-3-((((2Z)-2-methylbut-2-enoyl)oxy)methyl)pentyl)-5,6-dimethyl-3,4,4a,5,6,7,8,8a-octahydronaphthalen-1-yl)methoxy)-4-oxobutanoic acid"
4-(Butylamino)benzoic acid,4-(Butylamino)benzoic acid
"4,11-Dimethyl-8-(propan-2-yl)-5,12-dioxatricyclo[9.1.0.04,6]dodecan-7-ol","4,11-Dimethyl-8-(propan-2-yl)-5,12-dioxatricyclo[9.1.0.04,6]dodecan-7-ol"
"4,4'-Dimethoxystilbene","4,4'-Dimethoxystilbene"
4_2_oxopyrrolidin_1_yl_butanoic_acid,4_2_oxopyrrolidin_1_yl_butanoic_acid
46971-49-7,46971-49-7
4-acetamidocyclohexane-1-carboxylic acid,4-acetamidocyclohexane-1-carboxylic acid
4-aminobutanoic acid_dodecanoic acid,4-aminobutanoic acid_dodecanoic acid
4-Amino-N-(4-chlorophenyl)benzenesulfonamide,4-Amino-N-(4-chlorophenyl)benzenesulfonamide
"5-(2,5-Dihydroxyhexyl)oxolan-2-one","5-(2,5-Dihydroxyhexyl)oxolan-2-one"
"5(6)-Epoxy-8Z,11Z,14Z,17Z-eicosatetraenoic acid, methyl ester","5(6)-Epoxy-8Z,11Z,14Z,17Z-eicosatetraenoic acid, methyl ester"
"5'-(furan-3-yl)-4a-hydroxy-4,7-dimethylspiro[5,6,7,8a-tetrahydro-1H-naphthalene-8,3'-oxolane]-2,2'-dione","5'-(furan-3-yl)-4a-hydroxy-4,7-dimethylspiro[5,6,7,8a-tetrahydro-1H-naphthalene-8,3'-oxolane]-2,2'-dione"
5.alpha.-Androstan-17.beta.-ol-3-one,5.alpha.-Androstan-17.beta.-ol-3-one
"5.alpha.-Pregnane-3.alpha.,11.beta.,21-triol-20-one","5.alpha.-Pregnane-3.alpha.,11.beta.,21-triol-20-one"
"5-[(1E,3E)-Hepta-1,3-dienyl]cyclohexane-1,2,3-triol","5-[(1E,3E)-Hepta-1,3-dienyl]cyclohexane-1,2,3-triol"
"5-[(Z)-5-Hydroxy-3-methylpent-3-enyl]-1,4a-dimethyl-6-methylidene-3,4,5,7,8,8a-hexahydro-2H-naphthalene-1-carboxylic acid","5-[(Z)-5-Hydroxy-3-methylpent-3-enyl]-1,4a-dimethyl-6-methylidene-3,4,5,7,8,8a-hexahydro-2H-naphthalene-1-carboxylic acid"
5-[2-(1-methoxycyclobutyl)acetamido]-1H-pyrazole-3-carboxylic acid,5-[2-(1-methoxycyclobutyl)acetamido]-1H-pyrazole-3-carboxylic acid
"5-[5-hydroxy-3-(hydroxymethyl)pentyl]-8a-(hydroxymethyl)-5,6-dimethyl-3,4,4a,6,7,8-hexahydronaphthalene-1-carboxylic acid","5-[5-hydroxy-3-(hydroxymethyl)pentyl]-8a-(hydroxymethyl)-5,6-dimethyl-3,4,4a,6,7,8-hexahydronaphthalene-1-carboxylic acid"
5-aminopentanoic acid_(E)-but-2-enoic acid,5-aminopentanoic acid_(E)-but-2-enoic acid
"5-Androsten-3.beta.,16.alpha.-diol-17-one","5-Androsten-3.beta.,16.alpha.-diol-17-one"
5-Formyl-2-hydroxy-3-methylbenzoic acid,5-Formyl-2-hydroxy-3-methylbenzoic acid
"5-Heptenoic acid, 7-[(1S,2S,3S,5R)-3-[[(4-iodophenyl)sulfonyl]amino]-6,6-dimethylbicyclo[3.1.1]hept-2-yl]-, (5Z)-","5-Heptenoic acid, 7-[(1S,2S,3S,5R)-3-[[(4-iodophenyl)sulfonyl]amino]-6,6-dimethylbicyclo[3.1.1]hept-2-yl]-, (5Z)-"
"5-Hydroxy-10,10-dimethyl-6-methylenebicyclo[7.2.0]undecan-2-one","5-Hydroxy-10,10-dimethyl-6-methylenebicyclo[7.2.0]undecan-2-one"
5-Tetradecynoic acid,5-Tetradecynoic acid
"6,8-Dihydroxy-8a-methyl-3,5-dimethylidenedecahydronaphtho[2,3-b]furan-2(3H)-one","6,8-Dihydroxy-8a-methyl-3,5-dimethylidenedecahydronaphtho[2,3-b]furan-2(3H)-one"
"6-Hydroxy-3,4-dihydro-1H-quinoline-2-one","6-Hydroxy-3,4-dihydro-1H-quinoline-2-one"
6-Oxooctadecanoic acid,6-Oxooctadecanoic acid
7(S)-Maresin 1,7(S)-Maresin 1
"7,8-Dihydroxy-3,5,7-trimethyl-8,8a-dihydro-1H-isochromen-6-one","7,8-Dihydroxy-3,5,7-trimethyl-8,8a-dihydro-1H-isochromen-6-one"
7.alpha.-Hydroxyandrostenedione,7.alpha.-Hydroxyandrostenedione
7'-carboxy-N-geranyl-L-gluatamic acid ,7'-carboxy-N-geranyl-L-gluatamic acid 
"7-Hydroxy-8,11,13-abietatrien-19-oic acid","7-Hydroxy-8,11,13-abietatrien-19-oic acid"
7-Hydroxycostic acid,7-Hydroxycostic acid
"7-Oxoabieta-8,11,13-trien-18-oic acid","7-Oxoabieta-8,11,13-trien-18-oic acid"
"9-(2,3-dihydroxypropoxy)-9-oxononanoic acid","9-(2,3-dihydroxypropoxy)-9-oxononanoic acid"
99207-33-7,99207-33-7
ACARBOSE,ACARBOSE
AdenineHCl,AdenineHCl
Adenosine 2'-monophosphate,Adenosine 2'-monophosphate
Adenylosuccinic acid,Adenylosuccinic acid
Ageratriol,Ageratriol
AKOS037480294,AKOS037480294
Ala-C18:2,Ala-C18:2
Ala-CA,Ala-CA
Ala-DCA,Ala-DCA
Ala-Ile,Ala-Ile
Ala-Phe,Ala-Phe
Ala-Trp,Ala-Trp
Aleuritic acid,Aleuritic acid
aloesin,aloesin
Ambrosic acid,Ambrosic acid
"Androstane-3,17-diol, (3.beta.,5.alpha.,17.beta.)-","Androstane-3,17-diol, (3.beta.,5.alpha.,17.beta.)-"
Angiotensin I-Converting Enzyme Substrate,Angiotensin I-Converting Enzyme Substrate
Anticopalic acid,Anticopalic acid
aphidicolin,aphidicolin
Aramchol,Aramchol
Arctigenin,Arctigenin
Arg-Gly,Arg-Gly
Arg-Phe,Arg-Phe
Asn-Leu,Asn-Leu
ASP-PHE,ASP-PHE
Atractylenolide IV,Atractylenolide IV
Azelaic acid,Azelaic acid
B04A18,B04A18
Bacoside X,Bacoside X
Bartsioside,Bartsioside
Batebulast,Batebulast
Betaine Lipid DGCC 16:0,Betaine Lipid DGCC 16:0
BICINE,BICINE
"Bisphenol A bis(2,3-dihydroxypropyl) ether","Bisphenol A bis(2,3-dihydroxypropyl) ether"
C9:0_Dopamine,C9:0_Dopamine
Cabrillostatin,Cabrillostatin
Cadaverine-CA,Cadaverine-CA
CAMPTOTHECIN,CAMPTOTHECIN
Candidate 5-aminovaleric acid-C10:1 (delta mass:152.1201),Candidate 5-aminovaleric acid-C10:1 (delta mass:152.1201)
Candidate Alanine/Sarcosine-C12:0 (delta mass:182.1671),Candidate Alanine/Sarcosine-C12:0 (delta mass:182.1671)
Candidate Alanine/Sarcosine-C12:2 (delta mass:178.136),Candidate Alanine/Sarcosine-C12:2 (delta mass:178.136)
Candidate Alanine/Sarcosine-C15:0 (delta mass:224.2139),Candidate Alanine/Sarcosine-C15:0 (delta mass:224.2139)
Candidate Aminoadipic acid-C10:0 (delta mass:154.1358),Candidate Aminoadipic acid-C10:0 (delta mass:154.1358)
Candidate Aminoadipic acid-C12:0 (delta mass:182.1675),Candidate Aminoadipic acid-C12:0 (delta mass:182.1675)
Candidate Amylamine-C5:0 (delta mass:84.0573),Candidate Amylamine-C5:0 (delta mass:84.0573)
Candidate Glutamic acid-C12:0 (delta mass:182.1666),Candidate Glutamic acid-C12:0 (delta mass:182.1666)
Candidate Glutamine-C8:1 (delta mass:124.0887),Candidate Glutamine-C8:1 (delta mass:124.0887)
Candidate Serine-C16:0 (delta mass:238.2299),Candidate Serine-C16:0 (delta mass:238.2299)
Candidate Serotonin-C2:0 (delta mass:42.0106),Candidate Serotonin-C2:0 (delta mass:42.0106)
Candidate Taurine-C10:0 (delta mass:154.1356),Candidate Taurine-C10:0 (delta mass:154.1356)
Carvone,Carvone
Cedronellone,Cedronellone
Cer(d16:1/0:0); [M+H]+ C16H34N1O2,Cer(d16:1/0:0); [M+H]+ C16H34N1O2
CHEMBL288113,CHEMBL288113
Cholic acid methyl ester,Cholic acid methyl ester
Cholyl_beta-Alanine,Cholyl_beta-Alanine
Cholyl_Cadaverine_NCE45,Cholyl_Cadaverine_NCE45
cis-Parinaric acid methyl ester,cis-Parinaric acid methyl ester
cis-Pinonic acid,cis-Pinonic acid
cis-Vaccenic acid,cis-Vaccenic acid
Citronellyl acetate,Citronellyl acetate
Contaminant vial septum ThermoFisher C5000-44B,Contaminant vial septum ThermoFisher C5000-44B
Contaminants septum vial Thermo C4000-53 and C4000-54 serie,Contaminants septum vial Thermo C4000-53 and C4000-54 serie
CUDC-101,CUDC-101
Cyclo(leucylprolyl),Cyclo(leucylprolyl)
cyclo(L-Val-L-Pro),cyclo(L-Val-L-Pro)
Cyclooctatin,Cyclooctatin
Cys-Trp,Cys-Trp
Cys-Val,Cys-Val
D-erythro-N-stearoylsphingosine,D-erythro-N-stearoylsphingosine
DGCC (38:6),DGCC (38:6)
"Dimethyl 4-(2-furyl)-2,6-dimethyl-1,4-dihydro-3,5-pyridinedicarboxylate","Dimethyl 4-(2-furyl)-2,6-dimethyl-1,4-dihydro-3,5-pyridinedicarboxylate"
"DL-Tryptophan, methyl ester","DL-Tryptophan, methyl ester"
Docosatrienoic acid,Docosatrienoic acid
Dodecanedioic acid,Dodecanedioic acid
Domoic acid,Domoic acid
D-Psicose,D-Psicose
DTXSID701143781,DTXSID701143781
Eicosapentaenoic acid methyl ester,Eicosapentaenoic acid methyl ester
Erucamide,Erucamide
Ethyl 4-{[(ethylamino)carbothioyl]amino}benzoate,Ethyl 4-{[(ethylamino)carbothioyl]amino}benzoate
Ethyl 4-amino-1-piperidinecarboxylate,Ethyl 4-amino-1-piperidinecarboxylate
Ethyl 6-isopropyl-2-methyl-4-oxo-2-cyclohexene-1-carboxylate,Ethyl 6-isopropyl-2-methyl-4-oxo-2-cyclohexene-1-carboxylate
Farnesene,Farnesene
ferulic acid CollisionEnergy:102040,ferulic acid CollisionEnergy:102040
Finerenone,Finerenone
Flavine mononucleotide,Flavine mononucleotide
Fucoxanthin,Fucoxanthin
fumagillin,fumagillin
Furaneol (known structural isomers: 0; isobaric peaks in run: 4),Furaneol (known structural isomers: 0; isobaric peaks in run: 4)
Garcinoic acid,Garcinoic acid
Gln-Leu,Gln-Leu
Gln-Phe,Gln-Phe
Gln-Trp,Gln-Trp
Glycerophosphocholine,Glycerophosphocholine
glycine_undecanoyl chloride,glycine_undecanoyl chloride
GLYCOCHENODEOXYCHOLATE,GLYCOCHENODEOXYCHOLATE
Glycyl-L-norleucine,Glycyl-L-norleucine
Gly-Phe,Gly-Phe
Grandiflorenic acid,Grandiflorenic acid
Guanine,Guanine
"Heptanedioic acid, 1-[2-[(2-carboxyphenyl)methylene]hydrazide]","Heptanedioic acid, 1-[2-[(2-carboxyphenyl)methylene]hydrazide]"
Hexanoyl-L-carnitine,Hexanoyl-L-carnitine
Hexylene glycol,Hexylene glycol
His-Phe,His-Phe
HTL9936,HTL9936
Hydroxyvalerenic acid,Hydroxyvalerenic acid
Iberverin,Iberverin
Isoglobotriaose (iGb3),Isoglobotriaose (iGb3)
Isomaltose,Isomaltose
Isosteviol,Isosteviol
Kirenol,Kirenol
kynurenic acid CollisionEnergy:205060,kynurenic acid CollisionEnergy:205060
KYNURENINE,KYNURENINE
Leelamine,Leelamine
L-Fucitol,L-Fucitol
"L-Glutamic acid, dimethyl ester","L-Glutamic acid, dimethyl ester"
Linalool-7-OOH,Linalool-7-OOH
Linearol,Linearol
Linoelaidic acid,Linoelaidic acid
L-leucine_(E)-but-2-enoic acid,L-leucine_(E)-but-2-enoic acid
L-Leucyl-L-leucine methyl ester,L-Leucyl-L-leucine methyl ester
Loliolide,Loliolide
"L-Phenylalanine, methyl ester","L-Phenylalanine, methyl ester"
L-phenylalanine_dodecanoic acid,L-phenylalanine_dodecanoic acid
L-Tyrosine tert-butyl ester,L-Tyrosine tert-butyl ester
lumichrome,lumichrome
Luteolin,Luteolin
Lyso DGCC (14:0),Lyso DGCC (14:0)
Lyso DGCC (18:5),Lyso DGCC (18:5)
Lyso PC (16:1),Lyso PC (16:1)
Lys-Phe,Lys-Phe
M50367,M50367
"Massbank:EQ330402 Adenosine|(2R,3R,4S,5R)-2-(6-aminopurin-9-yl)-5-(hydroxymethyl)oxolane-3,4-diol","Massbank:EQ330402 Adenosine|(2R,3R,4S,5R)-2-(6-aminopurin-9-yl)-5-(hydroxymethyl)oxolane-3,4-diol"
Massbank:LU071701 epsilon-Decalactone|7-butyloxepan-2-one,Massbank:LU071701 epsilon-Decalactone|7-butyloxepan-2-one
"Massbank:LU111003 Resveratrol|5-[(E)-2-(4-hydroxyphenyl)ethenyl]benzene-1,3-diol","Massbank:LU111003 Resveratrol|5-[(E)-2-(4-hydroxyphenyl)ethenyl]benzene-1,3-diol"
Massbank:PR310824 N-Fructosyl isoleucine,Massbank:PR310824 N-Fructosyl isoleucine
Massbank:RP003002 Myristoyl Ethanolamide|N-(2-hydroxyethyl)tetradecanamide,Massbank:RP003002 Myristoyl Ethanolamide|N-(2-hydroxyethyl)tetradecanamide
Massbank:RP024902 Decanoyl-L-Carnitine|Decanoylcarnitine|3-decanoyloxy-4-(trimethylazaniumyl)butanoate,Massbank:RP024902 Decanoyl-L-Carnitine|Decanoylcarnitine|3-decanoyloxy-4-(trimethylazaniumyl)butanoate
"Massbank:RP030803 N6-Threonylcarbamoyladenosine|t(6)a|(2S,3R)-2-[[9-[(2R,3R,4S,5R)-3,4-dihydroxy-5-(hydroxymethyl)oxolan-2-yl]purin-6-yl]carbamoylamino]-3-hydroxybutanoic acid","Massbank:RP030803 N6-Threonylcarbamoyladenosine|t(6)a|(2S,3R)-2-[[9-[(2R,3R,4S,5R)-3,4-dihydroxy-5-(hydroxymethyl)oxolan-2-yl]purin-6-yl]carbamoylamino]-3-hydroxybutanoic acid"
Massbank:UA007701 4-Phenylpyridine,Massbank:UA007701 4-Phenylpyridine
"Mercaptopurine - This annotation is incorrect. Unless it is low res. Plus precursor mass doesn't match, incl. -OH or M+H2O+H","Mercaptopurine - This annotation is incorrect. Unless it is low res. Plus precursor mass doesn't match, incl. -OH or M+H2O+H"
Methadone,Methadone
"Methyl (5.xi.)-15-hydroxyabieta-8,11,13-trien-18-oate","Methyl (5.xi.)-15-hydroxyabieta-8,11,13-trien-18-oate"
"Methyl (9Z,14Z)-12,13,16-trihydroxyoctadeca-9,14-dienoate","Methyl (9Z,14Z)-12,13,16-trihydroxyoctadeca-9,14-dienoate"
Methyl .alpha.-D-mannopyranoside,Methyl .alpha.-D-mannopyranoside
"methyl 19-hydroxy-14,18-dimethyl-12-azahexacyclo[10.6.1.1�,?.0�?,�?.0�?,�?.0?,�?]icosa-3,7(20)-diene-3-carboxylate","methyl 19-hydroxy-14,18-dimethyl-12-azahexacyclo[10.6.1.1�,?.0�?,�?.0�?,�?.0?,�?]icosa-3,7(20)-diene-3-carboxylate"
Methyl deoxycholate,Methyl deoxycholate
METHYL STEARATE,METHYL STEARATE
Methyl-Domoic Acid,Methyl-Domoic Acid
Met-Phe,Met-Phe
Met-Pro,Met-Pro
MGDG (14:0/16:1),MGDG (14:0/16:1)
MGDG (14:0/18:3),MGDG (14:0/18:3)
MGDG (14:0/18:4),MGDG (14:0/18:4)
MGDG (14:1/16:1),MGDG (14:1/16:1)
MGDG (18:4/18:5),MGDG (18:4/18:5)
MGDG(16:4/18:3); [M+NH4]+ C43H72N1O10,MGDG(16:4/18:3); [M+NH4]+ C43H72N1O10
Modiolide A,Modiolide A
Monoerucin,Monoerucin
Monopalmitolein (9c),Monopalmitolein (9c)
MORPHERIDINE,MORPHERIDINE
MS_Contaminant_Sodium_Formate_Cluster,MS_Contaminant_Sodium_Formate_Cluster
Muscone,Muscone
N-((2-Hydroxy-3-oxo-2-(pent-2-en-1-yl)cyclopentyl)acetyl)isoleucine,N-((2-Hydroxy-3-oxo-2-(pent-2-en-1-yl)cyclopentyl)acetyl)isoleucine
"N-(4-Methylphenyl)-1,3-benzothiazol-2-amine","N-(4-Methylphenyl)-1,3-benzothiazol-2-amine"
"N,N'-Diacetylchitobiose","N,N'-Diacetylchitobiose"
"N,N-Dibenzylbenzamide","N,N-Dibenzylbenzamide"
"N,N-Dimethylsphingosine","N,N-Dimethylsphingosine"
N-Acetyl-D-galactosaminitol,N-Acetyl-D-galactosaminitol
Nardosinon,Nardosinon
N-Benzoyl-DL-leucine,N-Benzoyl-DL-leucine
"NCGC00178646-02!2,4-dihydroxyheptadecyl acetate [IIN-based: Match]","NCGC00178646-02!2,4-dihydroxyheptadecyl acetate [IIN-based: Match]"
"NCGC00180744-03_C19H24O6_Naphtho[2,3-b]furan-9(4H)-one, 4,8-bis(acetyloxy)-4a,5,6,7,8,8a-hexahydro-3,4a,5-trimethyl-, (4S,4aR,5S,8S,8aS)-","NCGC00180744-03_C19H24O6_Naphtho[2,3-b]furan-9(4H)-one, 4,8-bis(acetyloxy)-4a,5,6,7,8,8a-hexahydro-3,4a,5-trimethyl-, (4S,4aR,5S,8S,8aS)-"
NCGC00384799-01,NCGC00384799-01
"NCGC00385199-01!2-[3,4-bis[[(2S,3R,4S,5S,6R)-3,4,5-trihydroxy-6-(hydroxymethyl)oxan-2-yl]oxy]phenyl]-5,7-dihydroxychromen-4-one","NCGC00385199-01!2-[3,4-bis[[(2S,3R,4S,5S,6R)-3,4,5-trihydroxy-6-(hydroxymethyl)oxan-2-yl]oxy]phenyl]-5,7-dihydroxychromen-4-one"
NCGC00385873-01,NCGC00385873-01
"N-Cyclohexyl-2,2-diphenylacetamide","N-Cyclohexyl-2,2-diphenylacetamide"
N-Cyclohexylcyclohexanecarboxamide,N-Cyclohexylcyclohexanecarboxamide
N-L-.gamma.-Glutamyl-L-leucine,N-L-.gamma.-Glutamyl-L-leucine
NPS-2143 (Chimeric precursor selection),NPS-2143 (Chimeric precursor selection)
n-tert-butyl-alpha-phenylnitrone,n-tert-butyl-alpha-phenylnitrone
Panaxatriol,Panaxatriol
Panglimycin C,Panglimycin C
Parthenolide [M+NH4]+,Parthenolide [M+NH4]+
PC(0:0/20:4); [M+H]+ C28H51N1O7P1,PC(0:0/20:4); [M+H]+ C28H51N1O7P1
PC(18:2/0:0); [M+H]+ C26H51N1O7P1,PC(18:2/0:0); [M+H]+ C26H51N1O7P1
PC(18:3/0:0); [M+H]+ C26H49N1O7P1,PC(18:3/0:0); [M+H]+ C26H49N1O7P1
PC(20:3/0:0); [M+H]+ C28H53N1O7P1,PC(20:3/0:0); [M+H]+ C28H53N1O7P1
PC(20:5/0:0); [M+H]+ C28H49N1O7P1,PC(20:5/0:0); [M+H]+ C28H49N1O7P1
PC(22:6/0:0); [M+H]+ C30H51N1O7P1,PC(22:6/0:0); [M+H]+ C30H51N1O7P1
PC(O-18:1/0:0); [M+H]+ C26H55N1O6P1,PC(O-18:1/0:0); [M+H]+ C26H55N1O6P1
PD162835,PD162835
PE(16:1/0:0); [M+H]+ C21H43N1O7P1,PE(16:1/0:0); [M+H]+ C21H43N1O7P1
PE(16:1/16:1); [M+H]+ C37H71N1O8P1,PE(16:1/16:1); [M+H]+ C37H71N1O8P1
PE(16:1/18:1); [M+H]+ C39H75N1O8P1,PE(16:1/18:1); [M+H]+ C39H75N1O8P1
PE(18:2/0:0); [M+H]+ C23H45N1O7P1,PE(18:2/0:0); [M+H]+ C23H45N1O7P1
PE(20:4/0:0); [M+H]+ C25H45N1O7P1,PE(20:4/0:0); [M+H]+ C25H45N1O7P1
PE(22:6/0:0); [M+H]+ C27H45N1O7P1,PE(22:6/0:0); [M+H]+ C27H45N1O7P1
PE-DAG (16:0/16:1),PE-DAG (16:0/16:1)
PG(16:0_0:0) - 2-hydroxy-3-(2-hydroxyacetoxy)propyl palmitate,PG(16:0_0:0) - 2-hydroxy-3-(2-hydroxyacetoxy)propyl palmitate
phenylacetylglutamine,phenylacetylglutamine
Pheophorbide a,Pheophorbide a
Pheophytin a,Pheophytin a
Phe-Phe,Phe-Phe
Portimine A,Portimine A
Propanoylcarnitine,Propanoylcarnitine
Prostaglandin A1 ethyl ester,Prostaglandin A1 ethyl ester
Prostaglandin D1 alcohol,Prostaglandin D1 alcohol
Prostaglandin E2,Prostaglandin E2
Prostaglandin E2 ethanolamide,Prostaglandin E2 ethanolamide
Prostaglandin H1,Prostaglandin H1
PyroGlu-Val,PyroGlu-Val
Pyropheophorbide a,Pyropheophorbide a
"Quinoline-2,8-diol","Quinoline-2,8-diol"
Riboflavin,Riboflavin
Ricinine,Ricinine
SCHEMBL658597,SCHEMBL658597
Sclareol,Sclareol
Sclareolide,Sclareolide
Sedanolide,Sedanolide
Ser-Leu,Ser-Leu
Ser-Phe,Ser-Phe
Shinorine,Shinorine
Smenamide A,Smenamide A
Smenathiazole A,Smenathiazole A
Smenathiazole B,Smenathiazole B
Sodium Formate,Sodium Formate
"Spectral Match to (.+/-.)-8-Hydroxy-5Z,9E,11Z,14Z,17Z-eicosapentaenoic acid from NIST14","Spectral Match to (.+/-.)-8-Hydroxy-5Z,9E,11Z,14Z,17Z-eicosapentaenoic acid from NIST14"
"Spectral Match to (Z,E)-Tetradeca-9,12-dienol from NIST14","Spectral Match to (Z,E)-Tetradeca-9,12-dienol from NIST14"
Spectral Match to 1-(9Z-Octadecenoyl)-sn-glycero-3-phosphoethanolamine from NIST14,Spectral Match to 1-(9Z-Octadecenoyl)-sn-glycero-3-phosphoethanolamine from NIST14
Spectral Match to 12(13)-Epoxy-9Z-octadecenoic acid from NIST14,Spectral Match to 12(13)-Epoxy-9Z-octadecenoic acid from NIST14
Spectral Match to 12-Ketodeoxycholic acid from NIST14,Spectral Match to 12-Ketodeoxycholic acid from NIST14
"Spectral Match to 13-Docosenamide, (Z)- from NIST14","Spectral Match to 13-Docosenamide, (Z)- from NIST14"
"Spectral Match to 13-Keto-9Z,11E-octadecadienoic acid from NIST14","Spectral Match to 13-Keto-9Z,11E-octadecadienoic acid from NIST14"
Spectral Match to 19(20)-EpDPE from NIST14,Spectral Match to 19(20)-EpDPE from NIST14
Spectral Match to 1-Heptadecanoyl-sn-glycero-3-phosphocholine from NIST14,Spectral Match to 1-Heptadecanoyl-sn-glycero-3-phosphocholine from NIST14
Spectral Match to 1-Hexadecanoyl-sn-glycero-3-phosphocholine from NIST14,Spectral Match to 1-Hexadecanoyl-sn-glycero-3-phosphocholine from NIST14
Spectral Match to 1-Hexadecanoyl-sn-glycerol from NIST14,Spectral Match to 1-Hexadecanoyl-sn-glycerol from NIST14
Spectral Match to 1-Hexadecyl-sn-glycero-3-phosphocholine from NIST14,Spectral Match to 1-Hexadecyl-sn-glycero-3-phosphocholine from NIST14
Spectral Match to 1-Myristoyl-sn-glycero-3-phosphocholine from NIST14,Spectral Match to 1-Myristoyl-sn-glycero-3-phosphocholine from NIST14
Spectral Match to 1-Palmitoyl-2-hydroxy-sn-glycero-3-phosphoethanolamine from NIST14,Spectral Match to 1-Palmitoyl-2-hydroxy-sn-glycero-3-phosphoethanolamine from NIST14
Spectral Match to 1-Pentadecanoyl-sn-glycero-3-phosphocholine from NIST14,Spectral Match to 1-Pentadecanoyl-sn-glycero-3-phosphocholine from NIST14
Spectral Match to 1-Stearoyl-2-hydroxy-sn-glycero-3-phosphocholine from NIST14,Spectral Match to 1-Stearoyl-2-hydroxy-sn-glycero-3-phosphocholine from NIST14
"Spectral Match to 9-Octadecenamide, (Z)- from NIST14","Spectral Match to 9-Octadecenamide, (Z)- from NIST14"
"Spectral Match to 9Z,11E,13E-Octadecatrienoic acid methyl ester from NIST14","Spectral Match to 9Z,11E,13E-Octadecatrienoic acid methyl ester from NIST14"
"Spectral Match to Cholesta-4,6-dien-3-one from NIST14","Spectral Match to Cholesta-4,6-dien-3-one from NIST14"
Spectral Match to Cholic acid from NIST14,Spectral Match to Cholic acid from NIST14
Spectral Match to Glycerol 1-myristate from NIST14,Spectral Match to Glycerol 1-myristate from NIST14
Spectral Match to Hemin cation from NIST14,Spectral Match to Hemin cation from NIST14
Spectral Match to Isomyristic acid from NIST14,Spectral Match to Isomyristic acid from NIST14
Spectral Match to Lauric acid leelamide from NIST14,Spectral Match to Lauric acid leelamide from NIST14
Spectral Match to Lyso-PC(16:0) from NIST14,Spectral Match to Lyso-PC(16:0) from NIST14
Spectral Match to Methyl hexadecanoate from NIST14,Spectral Match to Methyl hexadecanoate from NIST14
Spectral Match to Palmitamide from NIST14,Spectral Match to Palmitamide from NIST14
Spectral Match to Palmitelaidic acid from NIST14,Spectral Match to Palmitelaidic acid from NIST14
Spectral Match to Piperine from NIST14,Spectral Match to Piperine from NIST14
Spectral Match to Urobilin from NIST14,Spectral Match to Urobilin from NIST14
Sporidesmolide_II_28401_dereplictor_pv_2.5459e-19,Sporidesmolide_II_28401_dereplictor_pv_2.5459e-19
Stearamide,Stearamide
Stercobilin,Stercobilin
Steviol,Steviol
Tau-C15:1,Tau-C15:1
terguride,terguride
"tert-Butyl 11-oxo-2,3,6,7-tetrahydro-1H,5H,11H-pyrano[2,3-f]pyrido[3,2,1-ij]quinoline-10-carboxylate","tert-Butyl 11-oxo-2,3,6,7-tetrahydro-1H,5H,11H-pyrano[2,3-f]pyrido[3,2,1-ij]quinoline-10-carboxylate"
Tetradecanedioic acid,Tetradecanedioic acid
Tetradecanoic acid,Tetradecanoic acid
Timosaponin B II,Timosaponin B II
trans-Vaccenic acid,trans-Vaccenic acid
trans-Zeatin,trans-Zeatin
Tuckolide,Tuckolide
Turmeronol A,Turmeronol A
Umbralisib,Umbralisib
Val-Asn,Val-Asn
Val-C5:0,Val-C5:0
Val-Met,Val-Met
Val-Trp,Val-Trp
Val-Tyr,Val-Tyr
Val-UDCA,Val-UDCA
Valylphenylalanine,Valylphenylalanine
VAPIPROST,VAPIPROST
Vitamin E acetate,Vitamin E acetate
Z2217324243,Z2217324243
